{"flutter":{"platforms":{"android":{"default":{"projectId":"flutternotes-1870a","appId":"1:760632240896:android:a1fd2df91e90d990bb21e5","fileOutput":"android/app/google-services.json"}},"dart":{"lib/firebase_options.dart":{"projectId":"flutternotes-1870a","configurations":{"android":"1:760632240896:android:a1fd2df91e90d990bb21e5","ios":"1:760632240896:ios:d1bc50b53aeea8e8bb21e5","macos":"1:760632240896:ios:d1bc50b53aeea8e8bb21e5","web":"1:760632240896:web:a19e11220f4e0948bb21e5","windows":"1:760632240896:web:d9118924fef57a56bb21e5"}}}}}}